Frame,Mean,StdDev,Kurtosis
2,0.0390666,0.0141853,0.363106
3,0.0390998,0.0142009,0.363195
5,0.0390813,0.0141626,0.362387
4,0.0391126,0.0141655,0.362171
1,0.0390683,0.0141656,0.362584
0,0.0390937,0.0141804,0.362727
6,0.039071,0.0141742,0.36278
7,0.0390595,0.0141532,0.36235
8,0.0390586,0.0141765,0.362954
11,0.0390783,0.0141522,0.362151
10,0.0390822,0.0141635,0.362401
9,0.0390795,0.014184,0.362954
12,0.0390688,0.014146,0.36208
13,0.0390715,0.0141529,0.36223
14,0.0390989,0.0141656,0.362302
15,0.039071,0.0141742,0.36278
16,0.0390595,0.0141532,0.36235
17,0.0390586,0.0141765,0.362954
18,0.0390795,0.014184,0.362954
19,0.0390822,0.0141635,0.362401
20,0.0390783,0.0141522,0.362151
21,0.0390688,0.014146,0.36208
22,0.0390715,0.0141529,0.36223
23,0.0390989,0.0141656,0.362302
24,0.0390671,0.014189,0.363196
25,0.0390742,0.0141651,0.36252
26,0.0390745,0.0141371,0.361797
27,0.0390762,0.0141768,0.362799
28,0.0390645,0.0141468,0.362141
29,0.0390533,0.0141501,0.362326
30,0.0390783,0.0141828,0.362933
31,0.0390925,0.0141687,0.36244
32,0.0390691,0.01415,0.362178
33,0.0390606,0.0141465,0.362168
34,0.0390688,0.0141621,0.362492
35,0.0390806,0.0141295,0.361548
36,0.0390771,0.0141734,0.362704
37,0.0390687,0.0141403,0.361933
38,0.0390584,0.0141701,0.362792
39,0.0390604,0.0141717,0.362816
40,0.0390622,0.0141528,0.362316
41,0.0390419,0.0141621,0.362741
42,0.0390747,0.0141489,0.362098
43,0.0390773,0.0141583,0.362314
44,0.0390769,0.0141755,0.362759
45,0.0390633,0.0141363,0.361883
46,0.0390691,0.0142013,0.363491
47,0.03908,0.0141519,0.362126
48,0.0390614,0.0141587,0.362472
49,0.0390577,0.0141533,0.362369
50,0.0390548,0.014152,0.362363
51,0.039048,0.0141536,0.362467
52,0.0390507,0.0141328,0.361909
53,0.0390652,0.0141258,0.361596
54,0.0390633,0.014142,0.362027
55,0.0390759,0.014154,0.362217
56,0.0390838,0.0141348,0.361654
57,0.0390422,0.0141178,0.361604
58,0.0390687,0.0141664,0.362603
59,0.0390814,0.0141311,0.361582
60,0.0390593,0.0141198,0.361497
61,0.0390723,0.0141666,0.362574
62,0.0390504,0.0141486,0.362318
63,0.0390656,0.0141446,0.362072
64,0.0390636,0.0141627,0.362555
65,0.0390652,0.0141534,0.362302
66,0.0390682,0.0141757,0.362845
67,0.0390518,0.0141357,0.361974
68,0.0390725,0.014169,0.362633
69,0.0390691,0.0141344,0.361779
70,0.0390484,0.0141227,0.361671
71,0.0390763,0.0141454,0.361995
72,0.0390666,0.0141407,0.361965
73,0.0390737,0.0141673,0.362579
74,0.0390335,0.0141032,0.361309
75,0.0390594,0.0141512,0.362299
76,0.0390736,0.0141471,0.362063
77,0.0390641,0.0141306,0.361728
78,0.0390588,0.0141086,0.361213
79,0.0390363,0.0141282,0.361924
80,0.0391007,0.0141758,0.362546
81,0.0390697,0.0141365,0.361828
82,0.0390466,0.0141533,0.362471
83,0.0390854,0.0141593,0.362265
84,0.0390534,0.0141275,0.361749
85,0.0390833,0.0141458,0.36194
86,0.0390465,0.0141219,0.361667
87,0.0390714,0.0141319,0.361694
88,0.0390605,0.0141249,0.361616
89,0.0390598,0.0141324,0.361814
90,0.0390606,0.0141386,0.361967
91,0.0390765,0.0141148,0.361211
92,0.0390793,0.0141556,0.362227
93,0.0390554,0.0141472,0.362235
94,0.0390403,0.0141451,0.362321
95,0.0390913,0.0141437,0.361813
96,0.0390563,0.0141699,0.362808
97,0.0390474,0.0141723,0.362952
98,0.0390526,0.0141355,0.361961
99,0.0390419,0.0141299,0.361917
100,0.0390989,0.014099,0.360597
101,0.0390447,0.0141087,0.361349
102,0.039052,0.0141242,0.361676
103,0.0390586,0.0141454,0.362158
104,0.0390662,0.0141537,0.362301
105,0.0390449,0.0141523,0.362461
106,0.0390487,0.01412,0.361599
107,0.0390408,0.0141369,0.362104
108,0.0390727,0.0141605,0.362414
109,0.0390486,0.0141079,0.36129
110,0.0390465,0.014175,0.363029
111,0.0390643,0.0141352,0.361845
112,0.039075,0.0141191,0.361333
113,0.0390426,0.0141375,0.362105
114,0.0390611,0.0141347,0.361862
115,0.0390675,0.0141622,0.362506
116,0.0390501,0.0141209,0.361609
117,0.0390553,0.0141106,0.361297
118,0.0390591,0.0141643,0.362638
119,0.0390939,0.0141629,0.36228
120,0.0390691,0.0141433,0.362006
121,0.0390509,0.0141034,0.361154
122,0.0390583,0.0141416,0.362065
123,0.0390416,0.0141241,0.36177
124,0.0390503,0.0141239,0.361686
125,0.0390402,0.0141444,0.362304
126,0.0390663,0.0141286,0.361658
127,0.039045,0.014109,0.361352
128,0.0390458,0.0141445,0.362253
129,0.0390669,0.0141107,0.361193
130,0.039074,0.0140995,0.360841
131,0.0390586,0.0141002,0.361001
132,0.0390631,0.0141242,0.361573
133,0.0390558,0.0141281,0.36174
134,0.0390487,0.0141489,0.362339
135,0.0390591,0.0141429,0.362089
136,0.0390528,0.0140893,0.360776
137,0.0390722,0.0141598,0.362402
138,0.0390827,0.0141375,0.361733
139,0.0390734,0.0141631,0.362474
140,0.0390721,0.0141443,0.362005
141,0.0390714,0.0141333,0.361729
142,0.039052,0.0140939,0.360902
143,0.0390839,0.0141345,0.361645
144,0.0390776,0.0141476,0.362038
145,0.0390666,0.0141442,0.362054
146,0.0390351,0.0141357,0.362127
147,0.039057,0.0141404,0.362045
148,0.0390758,0.0141457,0.362007
149,0.0390755,0.0141367,0.361778
150,0.0390571,0.0141038,0.361107
151,0.0390424,0.0141234,0.361745
152,0.0390863,0.0141585,0.362237
153,0.039045,0.0141364,0.362054
154,0.0390346,0.0141191,0.361707
155,0.0390468,0.0141276,0.361813
156,0.0390533,0.0141434,0.362155
157,0.039064,0.0141062,0.361105
158,0.0390379,0.0141094,0.361429
159,0.0390373,0.0141172,0.361635
160,0.0390697,0.0141257,0.361553
161,0.0390297,0.0141319,0.36208
162,0.0390581,0.0140836,0.360581
163,0.0390643,0.0141416,0.362009
164,0.0390338,0.014096,0.361123
165,0.0390893,0.0141316,0.361522
166,0.03902,0.014144,0.362481
167,0.039103,0.0141066,0.360754
168,0.0390711,0.0140954,0.360762
169,0.0390416,0.014118,0.361614
170,0.0390611,0.0141368,0.361916
171,0.0390686,0.0141376,0.361867
172,0.0390913,0.0141067,0.360865
173,0.0390916,0.0141471,0.361896
174,0.0390566,0.0141364,0.361947
175,0.0390666,0.0141306,0.361706
176,0.0390369,0.0141294,0.36195
177,0.0390364,0.0141089,0.36143
178,0.039058,0.0141035,0.361091
179,0.0390966,0.0141289,0.361384
180,0.0390581,0.0141044,0.361113
181,0.039049,0.0141017,0.361128
182,0.039032,0.0141269,0.361931
183,0.03901,0.014134,0.362317
184,0.0390768,0.014111,0.361109
185,0.0390831,0.0141442,0.361901
186,0.0390491,0.0140889,0.360799
187,0.0390854,0.0141259,0.361412
188,0.0390724,0.0141327,0.361704
189,0.0390751,0.0141299,0.361609
190,0.0390602,0.0141268,0.361668
191,0.0390756,0.0141231,0.361431
192,0.0390544,0.0140722,0.360323
193,0.0390465,0.0141168,0.361539
194,0.0390271,0.0141283,0.362012
195,0.0390607,0.0141227,0.361559
196,0.0390669,0.0141129,0.361249
197,0.0390589,0.014119,0.361481
198,0.0390565,0.0141377,0.361982
199,0.0390645,0.0141293,0.361692
200,0.0390471,0.0141415,0.362165
201,0.0390514,0.0141184,0.361535
202,0.0391003,0.014133,0.361455
203,0.0390751,0.0141128,0.36117
204,0.0390823,0.0141341,0.36165
205,0.039048,0.0140909,0.360862
206,0.0390583,0.0141244,0.361624
207,0.0390749,0.0141308,0.361635
208,0.0390903,0.0141461,0.361884
209,0.0390554,0.0141364,0.361958
210,0.0390565,0.0141284,0.361742
211,0.0390515,0.0141336,0.361922
212,0.039058,0.0141453,0.362162
213,0.0390821,0.0141318,0.361593
214,0.0390426,0.0141278,0.361856
215,0.0390642,0.0141227,0.361526
216,0.039062,0.0141115,0.361258
217,0.0390659,0.014133,0.361773
218,0.039083,0.014118,0.361231
219,0.039061,0.0141089,0.361201
220,0.0390726,0.0141799,0.36291
221,0.0390528,0.0141116,0.361346
222,0.0390667,0.0141518,0.362248
223,0.0390468,0.014127,0.361798
224,0.0390819,0.0141173,0.361223
225,0.0390571,0.0141733,0.362887
226,0.0390569,0.0141112,0.361298
227,0.0390594,0.0141388,0.361982
228,0.0390541,0.0141498,0.362314
229,0.0390808,0.0141533,0.362156
230,0.0390946,0.0141544,0.362055
231,0.0390791,0.0141568,0.362261
232,0.039096,0.0141625,0.362249
233,0.0390784,0.0141594,0.362334
234,0.0390657,0.0141486,0.362173
235,0.0390538,0.0141175,0.361489
236,0.0390463,0.0141507,0.362409
237,0.0390819,0.0141065,0.360947
238,0.0390817,0.0141327,0.361621
239,0.0390752,0.0141146,0.361217
240,0.0390732,0.0141677,0.362593
241,0.0390666,0.0141536,0.362293
242,0.0390762,0.0141178,0.36129
243,0.0390912,0.0141521,0.362027
244,0.0390706,0.0141458,0.362057
245,0.0390773,0.0141646,0.362475
246,0.039062,0.0141483,0.362201
247,0.0390656,0.0141615,0.362506
248,0.0390769,0.0141188,0.361309
249,0.0390979,0.0141748,0.362546
250,0.0390852,0.0141302,0.361522
251,0.0390721,0.0141078,0.361071
252,0.039062,0.0141395,0.361975
253,0.0390818,0.0141945,0.363199
254,0.0391095,0.0142163,0.3635
255,0.0390942,0.0141372,0.361619
256,0.0390977,0.0141726,0.362492
257,0.0390888,0.0141577,0.362194
258,0.0390782,0.014129,0.361557
259,0.0390834,0.0141239,0.361378
260,0.0390815,0.0141767,0.362748
261,0.0390925,0.0141392,0.361685
262,0.0390699,0.0141617,0.362472
263,0.0391143,0.0141741,0.362377
264,0.0391019,0.0141663,0.362293
265,0.0390707,0.0141764,0.362841
266,0.0390605,0.0141701,0.362773
267,0.0390742,0.0141377,0.361816
268,0.0390878,0.0141784,0.362732
269,0.0391065,0.014225,0.363751
270,0.0390796,0.014206,0.363514
271,0.039097,0.0142031,0.363278
272,0.0391125,0.0142302,0.363827
273,0.0390904,0.0141956,0.363149
274,0.0390788,0.0141598,0.362338
275,0.0390576,0.014182,0.363106
276,0.0390857,0.0141853,0.362928
277,0.0391076,0.0141885,0.362807
278,0.0390892,0.0142305,0.364053
279,0.0390697,0.0141673,0.362617
280,0.0390657,0.0141711,0.362751
281,0.0391173,0.0141797,0.362492
282,0.0391046,0.0142188,0.363609
283,0.0390905,0.0142232,0.363853
284,0.0390856,0.0142299,0.36407
285,0.0391049,0.014212,0.363433
286,0.0391053,0.0141675,0.362291
287,0.0391065,0.0141999,0.363107
288,0.0390835,0.0141858,0.362961
289,0.0391271,0.0142039,0.363019
290,0.0390742,0.0141915,0.363194
291,0.0391122,0.0141485,0.361741
292,0.0391237,0.0141863,0.362601
293,0.0390855,0.0142259,0.363969
294,0.0390906,0.0142062,0.363419
295,0.0391308,0.0142162,0.363301
296,0.0390948,0.0141871,0.36289
297,0.0390871,0.0141995,0.363278
298,0.039074,0.0141742,0.362752
299,0.0391214,0.0141785,0.362423
300,0.0390967,0.0142159,0.363609
301,0.0391003,0.0142264,0.363845
302,0.0391274,0.0142119,0.363222
303,0.0391093,0.0142136,0.363433
304,0.0390722,0.0141813,0.362951
305,0.0390856,0.0141866,0.362963
307,0.0391129,0.0142059,0.363202
306,0.039065,0.0141867,0.363157
308,0.0390767,0.014176,0.362774
309,0.0391064,0.0141874,0.362789
310,0.0391034,0.0142213,0.363685
311,0.0391269,0.0142326,0.363754
312,0.0390609,0.0142251,0.364177
313,0.0390872,0.0141962,0.363192
314,0.0390846,0.0142299,0.364081
315,0.039121,0.0142217,0.36353
316,0.0390916,0.0142276,0.363955
317,0.0391135,0.0141904,0.362802
318,0.0390857,0.0141968,0.363224
319,0.0390973,0.0142119,0.363502
320,0.0391076,0.014236,0.364023
321,0.0390711,0.0142213,0.363985
322,0.0391,0.0142116,0.363468
323,0.0391001,0.0142261,0.363837
324,0.0390986,0.0142439,0.364308
325,0.0390933,0.0142438,0.364354
326,0.0390916,0.0142096,0.363493
327,0.0391003,0.0142284,0.363895
328,0.0390967,0.0142241,0.363818
329,0.0391112,0.0142242,0.363685
330,0.0390773,0.0142349,0.364275
331,0.039094,0.0142278,0.363939
332,0.0391029,0.0142317,0.363956
333,0.03911,0.0142043,0.363188
334,0.0390711,0.0142028,0.363511
335,0.0391041,0.0142423,0.364215
336,0.0391205,0.014227,0.36367
337,0.0390951,0.0142437,0.364335
338,0.0391089,0.0142491,0.364344
339,0.0391182,0.01424,0.364024
340,0.0391087,0.0142023,0.363149
341,0.0391213,0.0142729,0.364838
342,0.0391056,0.0142315,0.363924
343,0.0391044,0.0142754,0.365059
344,0.0390886,0.0142438,0.364399
345,0.0390957,0.014244,0.364337
346,0.0391213,0.0142564,0.364416
347,0.0390872,0.0142706,0.365097
348,0.0391181,0.0142608,0.364558
349,0.0390909,0.0142527,0.364605
350,0.0390831,0.0141918,0.363119
351,0.039098,0.014205,0.363317
352,0.0391171,0.0142258,0.363671
353,0.0391083,0.0142456,0.36426
354,0.039094,0.0142425,0.364314
355,0.0391018,0.0142527,0.364503
356,0.0390979,0.0142568,0.364645
357,0.039125,0.0142438,0.36406
358,0.0391074,0.01423,0.363871
359,0.0390672,0.0142498,0.364751
360,0.0390952,0.0142429,0.364315
361,0.0391273,0.0142635,0.364541
362,0.0391067,0.0142397,0.364125
363,0.0391119,0.0142446,0.3642
364,0.0391109,0.0142673,0.364792
365,0.039111,0.014257,0.364526
366,0.0391034,0.0142974,0.365631
367,0.0390913,0.0142455,0.364414
368,0.0391019,0.0142575,0.364624
369,0.0391062,0.0142231,0.363704
370,0.0391065,0.0142568,0.364564
371,0.0391179,0.0142553,0.36442
372,0.0391049,0.0142526,0.364472
373,0.0391379,0.014256,0.36425
374,0.0391025,0.0142604,0.364692
375,0.0391066,0.0142555,0.36453
376,0.0390832,0.0143039,0.365985
377,0.0390971,0.0142466,0.36439
378,0.0390915,0.0142799,0.365294
379,0.0391211,0.014233,0.363818
380,0.0390922,0.0142515,0.364562
381,0.0391148,0.0142731,0.364903
382,0.0391262,0.0142677,0.364658
383,0.0390967,0.014255,0.36461
384,0.0391167,0.0142474,0.364229
385,0.0390945,0.0142495,0.364489
386,0.0391257,0.0142772,0.364905
387,0.0391101,0.0142693,0.36485
388,0.0391398,0.0142682,0.364544
389,0.0391059,0.0142982,0.365629
390,0.0391105,0.0142409,0.364119
391,0.0390975,0.014259,0.364703
392,0.0390825,0.0142876,0.365575
393,0.0391366,0.0142422,0.363911
394,0.0390861,0.0142404,0.364334
395,0.0390998,0.0142792,0.365199
396,0.039126,0.0142958,0.365379
397,0.0391083,0.0142676,0.364822
398,0.0390933,0.0142582,0.364724
399,0.0391277,0.014224,0.363529
400,0.0391029,0.0142794,0.365174
401,0.0391256,0.0142699,0.364721
402,0.0390996,0.0142158,0.36358
403,0.0391237,0.0143031,0.365588
404,0.0391074,0.0142541,0.364485
405,0.0391411,0.0142932,0.365172
406,0.0391105,0.0142657,0.364752
407,0.0391046,0.0142828,0.365247
408,0.039116,0.0142642,0.364665
409,0.0390957,0.014268,0.364952
410,0.0391043,0.0142868,0.365351
411,0.0391049,0.0142423,0.364209
412,0.0391033,0.0142312,0.363939
413,0.0390851,0.014272,0.365152
414,0.0391234,0.0143115,0.365804
415,0.0391353,0.0142826,0.364955
416,0.0391269,0.014286,0.365118
417,0.0391129,0.0142861,0.365252
418,0.0390997,0.0142627,0.364779
419,0.0391168,0.0143017,0.365614
420,0.0390921,0.0142886,0.365512
421,0.0390929,0.0142436,0.364352
422,0.0390862,0.014317,0.366293
423,0.0390944,0.0143051,0.365912
424,0.0391182,0.0142952,0.365436
425,0.0391213,0.014281,0.365043
426,0.0391299,0.0142965,0.36536
427,0.0391135,0.0142916,0.365388
428,0.0390869,0.014248,0.364521
429,0.0391121,0.0142859,0.365254
430,0.0390986,0.0143109,0.366019
431,0.0391202,0.0142795,0.365016
432,0.0391225,0.0143453,0.366676
433,0.0391061,0.0142845,0.365276
434,0.0391067,0.0142632,0.364725
435,0.039118,0.0142988,0.365529
436,0.0391111,0.0142745,0.364972
437,0.0391141,0.0142718,0.364878
438,0.0391189,0.0143002,0.365558
439,0.0391004,0.0142837,0.365308
440,0.039076,0.0142807,0.365459
441,0.0391151,0.014298,0.365537
442,0.0390933,0.0142908,0.365557
443,0.0391009,0.0142652,0.364831
444,0.0390928,0.0142815,0.365323
445,0.0390799,0.0142895,0.365648
446,0.0391119,0.0142516,0.36438
447,0.039128,0.0142817,0.364999
448,0.0391045,0.0143068,0.36586
449,0.0391047,0.014316,0.366093
450,0.0391164,0.0142922,0.365377
451,0.0391016,0.014284,0.365306
452,0.0391185,0.014312,0.365863
453,0.0391226,0.0142957,0.365408
454,0.0390978,0.0142768,0.365157
455,0.0391105,0.0143188,0.366112
456,0.0390801,0.0143002,0.36592
457,0.0390818,0.0142764,0.365297
458,0.0390942,0.0142639,0.364859
459,0.0391267,0.0143146,0.365851
460,0.0391037,0.0142648,0.364795
461,0.0391041,0.0142989,0.365662
462,0.0390828,0.0142558,0.364759
463,0.0391037,0.014296,0.365593
464,0.0391179,0.0143027,0.365631
465,0.0391332,0.0142851,0.365038
466,0.0391325,0.0142984,0.365385
467,0.0391084,0.0142733,0.364968
468,0.0391253,0.014277,0.364904
469,0.0391116,0.0142764,0.365017
470,0.0391095,0.0142361,0.364007
471,0.0391079,0.0142742,0.364995
472,0.0391194,0.0143136,0.365894
473,0.0391132,0.0143133,0.365945
474,0.0390799,0.0142819,0.365454
475,0.0391232,0.0143086,0.365732
476,0.0391177,0.0142822,0.365109
477,0.0391222,0.0142905,0.365278
478,0.0391263,0.0143204,0.366005
479,0.0391088,0.0143039,0.365746
480,0.039108,0.0142936,0.365491
481,0.0391012,0.0142806,0.365223
482,0.0390927,0.0142889,0.365512
483,0.0390994,0.0142343,0.364054
484,0.0391008,0.0142582,0.364651
485,0.039132,0.0142735,0.364752
486,0.0391319,0.01433,0.366196
487,0.0391238,0.0142935,0.36534
488,0.0390943,0.0142723,0.365074
489,0.0390841,0.0142778,0.365309
490,0.0390831,0.0142996,0.365877
491,0.0390785,0.0142856,0.365561
492,0.039101,0.0142969,0.365639
493,0.0390932,0.0142548,0.364637
494,0.0391171,0.0142933,0.365397
495,0.0391213,0.0142671,0.364689
496,0.0391132,0.0142752,0.364971
497,0.03909,0.0143173,0.366264
498,0.0390878,0.0142647,0.364939
499,0.0390935,0.0142688,0.364992
500,0.0391076,0.0142865,0.365313
501,0.0391038,0.014263,0.364748
502,0.0391035,0.014267,0.364851
503,0.0391108,0.0142866,0.365286
504,0.0390574,0.0142513,0.364882
505,0.0390883,0.014268,0.365021
506,0.0391125,0.0142973,0.365543
507,0.0390952,0.0142565,0.364661
508,0.0390989,0.0142503,0.364468
509,0.0390992,0.0142869,0.365401
510,0.0391098,0.0142928,0.365452
511,0.0390968,0.0142809,0.365271
512,0.0390875,0.0142605,0.364836
513,0.0390785,0.014245,0.364522
514,0.0391154,0.0142501,0.36431
515,0.0390925,0.0142427,0.364332
516,0.0391109,0.0143019,0.365675
517,0.0391087,0.0142892,0.36537
518,0.0390711,0.0142488,0.364688
519,0.0390978,0.0142899,0.36549
520,0.0391135,0.0142226,0.363624
521,0.0390801,0.0142429,0.364454
522,0.0390742,0.0142635,0.365037
523,0.039085,0.0142376,0.364274
524,0.0390918,0.0142714,0.365074
525,0.0391121,0.0142347,0.363946
526,0.0390802,0.0142514,0.36467
527,0.039073,0.014244,0.36455
528,0.0390762,0.0142634,0.365016
529,0.0391038,0.01428,0.365182
530,0.0390729,0.0142498,0.364698
531,0.0390594,0.0142787,0.365564
532,0.039106,0.0142154,0.363509
533,0.0390875,0.0143031,0.365926
534,0.0390949,0.0142419,0.364291
535,0.0390833,0.0142611,0.364889
536,0.0391025,0.0142381,0.364122
537,0.0390575,0.0142792,0.365594
538,0.0390834,0.0142189,0.36381
539,0.0391008,0.0142548,0.364565
540,0.0390719,0.0142252,0.364079
541,0.0390809,0.0141975,0.363286
542,0.0390777,0.0142163,0.363796
543,0.0390776,0.0142427,0.364473
544,0.0390918,0.0142684,0.364998
545,0.0390801,0.0142163,0.363773
546,0.0390618,0.0141951,0.363401
547,0.0390878,0.0142392,0.364287
548,0.0390789,0.0142278,0.36408
549,0.0390721,0.0142312,0.364229
550,0.0390768,0.0142171,0.363826
551,0.0390861,0.0142087,0.363524
552,0.0390687,0.0142268,0.364149
553,0.0390659,0.0142164,0.363909
554,0.0390616,0.01427,0.36532
555,0.0390786,0.0142524,0.36471
556,0.039068,0.0142666,0.365173
557,0.0390688,0.0142211,0.364002
558,0.039053,0.0142151,0.363994
559,0.0390566,0.0141773,0.362995
560,0.0390405,0.0142201,0.36424
561,0.039058,0.0142074,0.363753
562,0.0390606,0.0142223,0.364109
563,0.0390623,0.0141834,0.363098
564,0.0390493,0.0142069,0.36382
565,0.0390543,0.0141972,0.363524
566,0.0390769,0.0142172,0.363825
567,0.0390661,0.0142245,0.364113
568,0.0390718,0.0142091,0.363668
569,0.0390285,0.0142086,0.364059
570,0.0390715,0.0142159,0.363844
571,0.0390648,0.0141753,0.362866
572,0.0390748,0.0141981,0.363358
573,0.0390693,0.0142227,0.364037
574,0.0390726,0.0142002,0.36343
575,0.0390445,0.0141921,0.363484
576,0.0390781,0.0142304,0.364154
577,0.039052,0.0141732,0.362932
578,0.0390478,0.0142342,0.364532
579,0.0390554,0.0141806,0.36309
580,0.0390691,0.0142249,0.364097
581,0.0390769,0.0141874,0.363065
582,0.0390764,0.0142428,0.364486
583,0.039027,0.0141966,0.363764
584,0.0390299,0.0142093,0.364061
585,0.0390492,0.0142147,0.36402
586,0.0390816,0.0142017,0.363385
587,0.0390821,0.014194,0.363183
588,0.0390559,0.0142569,0.365039
589,0.0390674,0.0141973,0.363405
590,0.0390284,0.0142131,0.364173
591,0.0390574,0.0141896,0.363303
592,0.0390742,0.0141968,0.363329
593,0.0390756,0.014197,0.36332
594,0.0390715,0.0142333,0.364288
595,0.0390642,0.0141785,0.362955
596,0.039075,0.0141866,0.363061
597,0.0390594,0.0142151,0.363936
598,0.0390502,0.014178,0.363072
599,0.0390461,0.0141897,0.363409
600,0.0390286,0.0141522,0.362612
601,0.0390815,0.01445,0.369739
602,0.0390646,0.0144104,0.368886
603,0.0390347,0.0144268,0.369588
604,0.03906,0.0144567,0.370115
605,0.0390455,0.0144131,0.369135
606,0.0390371,0.0144125,0.369199
607,0.0390739,0.0144158,0.368936
608,0.0390549,0.0144053,0.368848
609,0.0390372,0.0144638,0.370514
610,0.0390545,0.0144341,0.369588
611,0.0390475,0.0144225,0.369358
612,0.0390317,0.0144649,0.370592
613,0.039051,0.0143811,0.368266
614,0.0390582,0.0144199,0.36919
615,0.039042,0.0144408,0.369878
616,0.0390274,0.0144485,0.370215
617,0.0390256,0.0144388,0.369983
618,0.0390747,0.014438,0.369498
619,0.0390571,0.0144551,0.370103
620,0.0390526,0.0144201,0.369249
621,0.0390517,0.0144551,0.370154
622,0.0390373,0.0144283,0.369604
623,0.0390571,0.0144277,0.369399
624,0.0390334,0.0144253,0.369563
625,0.0390241,0.0144376,0.369966
626,0.0390559,0.0144279,0.369416
627,0.0390474,0.014445,0.369934
628,0.0390541,0.0144625,0.370321
629,0.0390678,0.0144479,0.369815
630,0.039034,0.014389,0.368627
631,0.0390354,0.0144433,0.370005
632,0.0390577,0.0144699,0.370476
633,0.0390349,0.0144469,0.370103
634,0.0390688,0.0144467,0.369777
635,0.0390541,0.0144541,0.370106
636,0.0390593,0.0144057,0.368815
637,0.0390436,0.0144245,0.369446
638,0.039043,0.0144672,0.370547
639,0.0390399,0.0144304,0.369633
640,0.0390498,0.0144481,0.369993
641,0.0390421,0.0144262,0.369504
642,0.0390463,0.0144267,0.369476
644,0.0390672,0.0144398,0.369614
643,0.0390496,0.0144348,0.369653
645,0.0390473,0.0144315,0.369589
646,0.0390399,0.014448,0.370083
647,0.0390473,0.0144352,0.369684
648,0.0390692,0.0144711,0.370396
649,0.0390324,0.0144412,0.369981
650,0.0390864,0.0144337,0.369278
651,0.0390429,0.0144729,0.370691
652,0.0390462,0.0144198,0.369301
653,0.0390349,0.0144498,0.370177
654,0.0390162,0.014443,0.370179
655,0.0390524,0.014438,0.369708
656,0.0390396,0.0144016,0.368897
657,0.0390355,0.0144381,0.369871
658,0.0390389,0.0144282,0.369587
659,0.0390455,0.0144654,0.370475
660,0.0390594,0.0144453,0.369828
661,0.0390274,0.0143755,0.368343
662,0.0390637,0.0144368,0.369572
663,0.0390442,0.0144649,0.370476
664,0.0390523,0.0144719,0.370578
665,0.0390162,0.014416,0.369488
666,0.0390349,0.0144813,0.370984
667,0.0390395,0.01441,0.369114
668,0.039049,0.0144219,0.369327
669,0.0390429,0.0144398,0.369843
670,0.0390469,0.0144441,0.369916
671,0.039049,0.0144497,0.370041
672,0.0390542,0.0144646,0.370373
673,0.0390553,0.0144154,0.369103
674,0.0390463,0.0144601,0.370333
675,0.0390462,0.014421,0.369331
676,0.0390724,0.0144005,0.36856
677,0.0390367,0.0144397,0.369901
678,0.0390361,0.0144219,0.36945
679,0.0390332,0.0144642,0.370561
680,0.0390235,0.0143974,0.368941
681,0.0390325,0.0144161,0.369336
682,0.0390267,0.0144561,0.370416
683,0.0390515,0.0144486,0.369989
684,0.0390451,0.0144378,0.369772
685,0.0390429,0.0144225,0.369403
686,0.039035,0.0144199,0.369408
687,0.0390542,0.0144768,0.370684
688,0.0390438,0.0144695,0.370596
689,0.0390283,0.0144205,0.369487
690,0.0390337,0.0144263,0.369586
691,0.0390431,0.0144542,0.370212
692,0.0390161,0.0144231,0.369672
693,0.0390362,0.0144426,0.36998
694,0.0390352,0.0144108,0.369175
695,0.0390516,0.0144064,0.368906
696,0.0390301,0.0144322,0.369771
697,0.0390307,0.0144119,0.369244
698,0.0390484,0.0144287,0.369508
699,0.039033,0.0144334,0.369775
700,0.0390071,0.0144106,0.369434
701,0.039025,0.0143886,0.368702
702,0.0390512,0.0144334,0.369602
703,0.0390161,0.0144134,0.369422
704,0.0390254,0.0144528,0.370343
705,0.0390133,0.0143708,0.368357
706,0.0390161,0.0144159,0.369487
707,0.0390337,0.0144371,0.369864
708,0.0390404,0.0143955,0.368732
709,0.0390279,0.0144087,0.36919
710,0.0390315,0.0144161,0.369346
711,0.0390302,0.0144002,0.368949
712,0.0390313,0.0144083,0.369146
713,0.0390345,0.0144002,0.368909
714,0.0390145,0.0143488,0.367783
715,0.0390249,0.0144106,0.369267
716,0.0390136,0.0144179,0.369562
717,0.0390054,0.0144264,0.369855
718,0.0390285,0.0143564,0.367845
719,0.0390171,0.014423,0.369659
720,0.0390534,0.0143862,0.368371
721,0.0390325,0.0143861,0.368566
722,0.0390486,0.0144765,0.370732
723,0.0390557,0.0144216,0.369257
724,0.0390293,0.0144222,0.369522
725,0.0390307,0.0144239,0.369553
726,0.0390197,0.0144034,0.369131
727,0.0390178,0.0144217,0.369619
728,0.0390267,0.0144055,0.369119
729,0.0390116,0.0143799,0.368605
730,0.0390499,0.0143884,0.368463
731,0.039023,0.0143616,0.36803
732,0.0390235,0.0144114,0.369299
733,0.0390429,0.014361,0.367827
734,0.0390502,0.0144067,0.368928
735,0.0390317,0.0143825,0.368482
736,0.0390216,0.0143893,0.368752
737,0.0390582,0.0143539,0.3675
738,0.0389939,0.0143744,0.368633
739,0.039053,0.0143977,0.368671
740,0.0390307,0.014367,0.368096
741,0.0390268,0.0144528,0.37033
742,0.0389938,0.0143898,0.369028
743,0.0390176,0.0143686,0.368261
744,0.0390395,0.0143917,0.368645
745,0.0390227,0.0144056,0.36916
746,0.0390215,0.0144172,0.369467
747,0.0390377,0.01438,0.368362
748,0.0390192,0.0143971,0.368974
749,0.0389957,0.0143558,0.368137
750,0.039042,0.014416,0.369243
751,0.0390309,0.0143994,0.368923
752,0.0390327,0.0143934,0.368751
753,0.0390362,0.0143848,0.368499
754,0.0390264,0.0143743,0.368324
755,0.0390122,0.0144088,0.369339
756,0.039016,0.0144081,0.369286
757,0.0390039,0.0143749,0.36855
758,0.0390315,0.014403,0.369009
759,0.0390326,0.0143965,0.368832
760,0.0390179,0.0144123,0.369376
761,0.0390006,0.0143491,0.36792
762,0.0390009,0.0144018,0.369268
763,0.0390227,0.0143665,0.368158
764,0.0390195,0.0143854,0.368671
765,0.0390167,0.0143682,0.368259
766,0.0390036,0.0143685,0.368389
767,0.0390133,0.014371,0.368362
768,0.0390174,0.0143456,0.367672
769,0.0390373,0.0143622,0.36791
770,0.0390345,0.0143941,0.368753
771,0.0390177,0.0144016,0.369104
772,0.0390079,0.0143523,0.367935
773,0.0390189,0.0143396,0.367503
774,0.0390282,0.0144264,0.369642
775,0.0390018,0.0143869,0.368877
776,0.0390574,0.0143806,0.36819
777,0.0389957,0.0143708,0.368522
778,0.0390193,0.0143978,0.368992
779,0.039018,0.0143511,0.367807
780,0.0390024,0.014368,0.368388
781,0.0390199,0.0143665,0.368184
782,0.0390161,0.0143764,0.368475
783,0.0390004,0.0143611,0.368231
784,0.0390354,0.0143756,0.36827
785,0.0390401,0.0143784,0.368299
786,0.0390097,0.0143404,0.367611
787,0.0390326,0.0143791,0.368387
788,0.0390177,0.0143684,0.368254
789,0.0390124,0.0143546,0.367949
790,0.0390183,0.0143718,0.368336
791,0.0390243,0.0143737,0.368327
792,0.0389963,0.014365,0.368368
793,0.0390037,0.0143244,0.367258
794,0.0389891,0.0143566,0.368221
795,0.0389901,0.0143295,0.367516
796,0.0390356,0.0143614,0.367904
797,0.0390085,0.0143802,0.368643
798,0.0390091,0.0143381,0.367557
799,0.0390134,0.0143313,0.367343
800,0.0390116,0.0143823,0.368668
801,0.0390265,0.0143705,0.368223
802,0.03902,0.0143513,0.367795
803,0.0390258,0.0143662,0.36812
804,0.0390188,0.0144001,0.369056
805,0.0390016,0.0143672,0.368373
806,0.0390134,0.0143898,0.368841
807,0.0389976,0.0143902,0.369001
808,0.0389922,0.0143294,0.367492
809,0.039009,0.0143468,0.367782
810,0.0390219,0.0143478,0.367686
811,0.0390039,0.0143289,0.36737
812,0.0389968,0.0143173,0.36714
813,0.0389889,0.0143294,0.367526
814,0.0390262,0.0143273,0.367119
815,0.039008,0.0143633,0.368213
816,0.0390025,0.0143455,0.36781
817,0.0390071,0.0143136,0.366948
818,0.0390137,0.0143383,0.36752
819,0.039009,0.0143739,0.368476
820,0.039001,0.0143413,0.367716
821,0.0389927,0.0143114,0.367028
822,0.0390197,0.014347,0.367685
823,0.0389913,0.01438,0.368799
824,0.0390078,0.0143771,0.368571
825,0.0390355,0.0143835,0.368472
826,0.0390209,0.014363,0.368086
827,0.038994,0.0143506,0.36802
828,0.0390308,0.0143797,0.368419
829,0.0390116,0.0142993,0.36654
830,0.0390247,0.0143556,0.367859
831,0.0389756,0.0142824,0.366444
832,0.0390137,0.0143337,0.367402
833,0.0390186,0.0143351,0.367391
834,0.0390307,0.0143427,0.367473
835,0.0390057,0.0143165,0.367036
836,0.0389985,0.0143086,0.366901
837,0.0389927,0.0143377,0.367703
838,0.0390026,0.0143915,0.368988
839,0.0390208,0.0143389,0.367468
840,0.0389849,0.014334,0.367682
841,0.0389924,0.0143436,0.367857
842,0.0390486,0.014355,0.367618
843,0.038981,0.0143718,0.368686
844,0.0390186,0.0143533,0.367857
845,0.0390134,0.0143742,0.368441
846,0.0389993,0.014354,0.36806
847,0.039032,0.0143329,0.36721
848,0.0390261,0.0143207,0.366952
849,0.0390147,0.0143076,0.366723
850,0.0389927,0.0143293,0.367487
851,0.0389873,0.014367,0.368506
852,0.0390028,0.0143188,0.367123
853,0.0390046,0.0142994,0.366608
854,0.0390107,0.0143246,0.367197
855,0.0390063,0.0142873,0.366282
856,0.0390101,0.0143306,0.367356
857,0.0389934,0.014325,0.367368
858,0.0390217,0.0143184,0.366934
859,0.0390215,0.0143223,0.367036
860,0.0390161,0.0143165,0.366939
861,0.0390337,0.0142883,0.366051
862,0.0389891,0.0142986,0.366733
863,0.0389836,0.0143346,0.367708
864,0.0389921,0.0143366,0.367679
865,0.0390079,0.01433,0.36736
866,0.0389836,0.0142911,0.366592
867,0.0390165,0.0143304,0.36729
868,0.0390176,0.0143297,0.367263
869,0.0389868,0.0143322,0.367618
871,0.0390328,0.0143054,0.366497
870,0.0390281,0.014334,0.367274
872,0.0389893,0.0143088,0.366993
873,0.039031,0.0142977,0.366316
874,0.0390296,0.0142984,0.366348
875,0.0390049,0.0143533,0.367988
876,0.0389978,0.0143639,0.368327
877,0.0390342,0.0143394,0.367355
878,0.0390082,0.0143032,0.366671
879,0.0389928,0.0143352,0.367637
880,0.0389869,0.0143446,0.367932
881,0.0390134,0.0142964,0.366448
882,0.0390105,0.0143628,0.368178
883,0.0390353,0.0143488,0.367586
884,0.0390209,0.0143229,0.367056
885,0.0389924,0.0143594,0.368262
886,0.0390229,0.0143039,0.366552
887,0.0389951,0.014359,0.368227
888,0.0390167,0.0143198,0.367019
889,0.038997,0.014345,0.367848
890,0.0390156,0.0143516,0.367843
891,0.039015,0.0143367,0.367467
892,0.0390293,0.0143009,0.366414
893,0.0390117,0.0143196,0.367059
894,0.0390071,0.0142985,0.366562
895,0.0390046,0.0143338,0.36749
896,0.039019,0.0143423,0.367573
897,0.0389826,0.0143249,0.367468
898,0.0390079,0.0143091,0.366826
899,0.0390033,0.0143607,0.368192
900,0.0390086,0.0143576,0.368063
901,0.0390131,0.0143317,0.367357
902,0.0389998,0.0143093,0.366908
903,0.0390027,0.014341,0.367693
904,0.0390013,0.0143305,0.367435
905,0.0389966,0.0143183,0.367169
906,0.0389956,0.0143265,0.367387
907,0.0390067,0.0143181,0.367068
908,0.0390115,0.0143368,0.367502
909,0.0390024,0.0143338,0.367511
910,0.0390284,0.0143563,0.367843
911,0.038999,0.0143154,0.367071
912,0.0390226,0.0143303,0.367231
913,0.0390079,0.014322,0.367156
914,0.0390118,0.0143126,0.366879
915,0.039013,0.0143479,0.367772
916,0.0390228,0.0143283,0.367177
917,0.0390098,0.0143201,0.367088
918,0.0390457,0.0143251,0.366881
919,0.03901,0.014327,0.367264
920,0.0390034,0.014323,0.367226
921,0.0390038,0.0143398,0.367651
922,0.0390371,0.0143352,0.367221
923,0.0389921,0.0143588,0.36825
924,0.0390127,0.0143267,0.367231
925,0.0390213,0.0143318,0.367281
926,0.0389911,0.0143036,0.366842
927,0.0390101,0.0143075,0.366763
928,0.0389952,0.0143442,0.367846
929,0.0390212,0.0143231,0.36706
930,0.0390238,0.0143264,0.36712
931,0.0390072,0.0143529,0.367956
932,0.0390054,0.0143614,0.368191
933,0.0390118,0.0143261,0.367226
934,0.0390233,0.0143505,0.367743
935,0.0390104,0.0143125,0.36689
936,0.0389939,0.0143248,0.367359
937,0.0390032,0.0143423,0.36772
938,0.0390225,0.0143095,0.3667
939,0.0390008,0.0143204,0.367182
940,0.0390283,0.01437,0.368194
941,0.0390193,0.0143684,0.368239
942,0.0390141,0.0143803,0.368593
943,0.0390245,0.0143266,0.367118
944,0.0390189,0.0143253,0.367137
945,0.0390303,0.0143495,0.367651
946,0.0390185,0.0143741,0.368392
947,0.0390208,0.0143455,0.367638
948,0.0390441,0.0143526,0.367599
949,0.0390152,0.0143609,0.368085
950,0.0390165,0.0143462,0.367695
951,0.0390062,0.0143407,0.367652
952,0.038979,0.0143275,0.367571
953,0.0390255,0.0143676,0.36816
954,0.0390406,0.0143825,0.368398
955,0.039048,0.0143587,0.36772
956,0.0390067,0.0143519,0.367933
957,0.0389926,0.0143123,0.36705
958,0.0390047,0.0143429,0.367722
959,0.0390158,0.0143496,0.367789
960,0.0390004,0.0143557,0.36809
961,0.0390137,0.0143518,0.367866
962,0.0390124,0.0143492,0.367812
963,0.0389983,0.0143257,0.367341
964,0.0389952,0.0143617,0.368293
965,0.0390191,0.0143578,0.367969
966,0.039016,0.0143369,0.367461
967,0.0390255,0.014356,0.367861
968,0.039003,0.0143869,0.368867
970,0.0390137,0.0143514,0.367854
969,0.039001,0.0143578,0.36814
971,0.0390297,0.0143682,0.368136
972,0.0390289,0.0143659,0.368084
973,0.0390299,0.0143909,0.368715
974,0.0390125,0.014322,0.367114
975,0.0390344,0.0143621,0.367936
976,0.039007,0.0143593,0.368122
977,0.0390214,0.0143391,0.367467
978,0.0390304,0.0143137,0.366732
979,0.0390458,0.0143622,0.367831
980,0.0390182,0.0143701,0.368292
981,0.0390153,0.0143315,0.367331
982,0.0390319,0.0143419,0.36744
983,0.0389966,0.0143233,0.367296
984,0.0390408,0.0143927,0.368658
985,0.0389835,0.0143406,0.367863
986,0.0390193,0.0143465,0.367676
987,0.039011,0.0143728,0.368428
988,0.0390131,0.0143396,0.367558
989,0.0390167,0.0143412,0.367566
990,0.0390332,0.0143557,0.367781
991,0.0390067,0.0143541,0.367992
992,0.0390049,0.0143242,0.367241
993,0.0390055,0.0143729,0.368483
994,0.0390215,0.0143728,0.36833
995,0.0390056,0.0143457,0.367786
996,0.0390521,0.014375,0.368099
997,0.0389984,0.0143085,0.366899
998,0.0390541,0.0143602,0.3677
999,0.039026,0.0143598,0.367956
1000,0.0390245,0.014353,0.367794
1001,0.039017,0.0143641,0.36815
1002,0.0390133,0.0143421,0.367621
1003,0.0390048,0.0143636,0.368252
1004,0.0389986,0.0143422,0.367761
1005,0.0390466,0.0144007,0.368808
1006,0.039026,0.0143883,0.368684
1007,0.0390159,0.0143604,0.368066
1008,0.0390314,0.0144006,0.36895
1009,0.0390346,0.0143745,0.36825
1010,0.0389974,0.014374,0.368588
1011,0.0390302,0.014393,0.368765
1012,0.0390551,0.0143776,0.368137
1013,0.0390151,0.0143871,0.368758
1014,0.0390357,0.0144133,0.369234
1015,0.0390298,0.0144113,0.369238
1016,0.0390146,0.0144138,0.369445
1017,0.0390496,0.0143987,0.368729
1018,0.0390206,0.0144076,0.369229
1019,0.0390536,0.014396,0.36862
1020,0.039013,0.0143764,0.368503
1021,0.0390451,0.0144069,0.368982
1022,0.0390197,0.014395,0.368918
1023,0.0390555,0.0144446,0.369847
1024,0.0390115,0.0143621,0.36815
1025,0.0390456,0.0144183,0.369268
1026,0.0390373,0.0144183,0.369347
1027,0.0390449,0.014427,0.369498
1028,0.0390293,0.014429,0.369696
1029,0.0390262,0.0143782,0.368426
1030,0.0390083,0.0144217,0.369709
1031,0.039015,0.0143984,0.369047
1032,0.0390217,0.0144185,0.3695
1033,0.0390386,0.014414,0.369224
1034,0.0390554,0.014418,0.369167
1035,0.0390198,0.0144194,0.36954
1036,0.0390333,0.0144826,0.371031
1037,0.0390435,0.0144424,0.369905
1038,0.0390309,0.0143953,0.368818
1039,0.0390011,0.0144387,0.370212
1040,0.0390387,0.0144528,0.370218
1041,0.0390463,0.0144254,0.369444
1042,0.0390316,0.014416,0.369342
1043,0.0390346,0.014432,0.369722
1044,0.0390371,0.014412,0.369188
1045,0.0390217,0.0144141,0.369386
1046,0.0390267,0.0144256,0.369634
1047,0.0390081,0.0144496,0.370426
1048,0.0390434,0.0144657,0.370502
1049,0.0390412,0.0144624,0.370438
1050,0.0390385,0.0144357,0.369781
1051,0.0390466,0.0144426,0.369882
1052,0.0390469,0.0144469,0.369989
1053,0.0390372,0.0144423,0.369964
1054,0.0390247,0.0144211,0.369537
1055,0.039044,0.0144444,0.369953
1056,0.0390609,0.0144646,0.370308
1057,0.0390402,0.0144601,0.370391
1058,0.0390277,0.0144499,0.370246
1059,0.0390364,0.0144492,0.370147
1060,0.0390323,0.014451,0.370231
1061,0.0390568,0.0145007,0.371272
1062,0.0390386,0.0144825,0.37098
1063,0.0390234,0.0144572,0.370477
1064,0.0390502,0.0144483,0.369992
1065,0.0390084,0.0144696,0.370936
1066,0.0390481,0.014457,0.370236
1067,0.0390357,0.0144198,0.3694
1068,0.0390234,0.0144628,0.370618
1069,0.0390378,0.0144631,0.370488
1070,0.0390249,0.0145306,0.372341
1071,0.0390342,0.0144689,0.370673
1072,0.039043,0.0144642,0.370469
1073,0.0390378,0.014489,0.371154
1074,0.0390431,0.0144757,0.370763
1075,0.0390581,0.014463,0.370294
1076,0.0390144,0.0144667,0.370803
1077,0.0390249,0.014467,0.370713
1078,0.0390124,0.0144679,0.370853
1079,0.0390152,0.0144612,0.370656
1080,0.0390565,0.0144694,0.370475
1081,0.0390304,0.0144482,0.370177
1082,0.0390349,0.014506,0.371616
1083,0.0390472,0.0145122,0.371659
1084,0.0390253,0.0144868,0.371216
1085,0.0390297,0.0144683,0.370701
1086,0.0390346,0.0144734,0.370784
1087,0.0390275,0.0144682,0.370717
1088,0.0390293,0.014485,0.371132
1089,0.039026,0.0145364,0.372479
1090,0.039068,0.0145234,0.371747
1091,0.0390346,0.01448,0.370954
1092,0.0390437,0.0144738,0.370709
1093,0.0390413,0.0144895,0.371134
1094,0.0390401,0.0144935,0.371245
1095,0.0390361,0.0144838,0.371035
1096,0.0390167,0.0144719,0.370914
1097,0.0390377,0.014512,0.371744
1098,0.0390288,0.014479,0.370982
1099,0.0390427,0.0145104,0.371655
1100,0.0390327,0.0145228,0.372067
1101,0.0390212,0.0145059,0.371745
1102,0.0390275,0.0144827,0.37109
1103,0.0390389,0.0144956,0.371313
1104,0.0390316,0.0144847,0.371102
1105,0.0390305,0.0144984,0.371462
1106,0.0390584,0.0144973,0.37117
1107,0.0390323,0.0144815,0.371012
1108,0.0390294,0.0144952,0.371391
1109,0.0390253,0.0144808,0.371063
1110,0.0390225,0.0145078,0.371782
1111,0.0390497,0.0144979,0.371268
1112,0.0390355,0.0144926,0.371266
1113,0.0390449,0.0145058,0.371515
1114,0.0390307,0.0145204,0.372025
1115,0.039031,0.0144889,0.371215
1116,0.0390296,0.0144818,0.371046
1117,0.0390513,0.0144738,0.370634
1118,0.0390125,0.0144956,0.371562
1119,0.0390498,0.014507,0.371499
1120,0.0390143,0.0144532,0.37046
1121,0.0390195,0.0145216,0.372163
1122,0.0390137,0.0144963,0.37157
1123,0.0390429,0.0145243,0.372009
1124,0.039027,0.0145151,0.371925
1125,0.0390145,0.014489,0.371376
1126,0.0390125,0.0144999,0.371673
1127,0.0390364,0.0144698,0.370674
1128,0.0390558,0.014522,0.371827
1129,0.0390226,0.0145071,0.371762
1130,0.039048,0.0145008,0.371358
1131,0.0390241,0.0144983,0.371521
1132,0.0390219,0.0144934,0.371418
1133,0.0390015,0.0144959,0.371675
1134,0.039017,0.0144949,0.371504
1135,0.0390209,0.0144601,0.370573
1136,0.0390223,0.0145167,0.37201
1137,0.0390204,0.0144776,0.371027
1138,0.0390026,0.0144914,0.37155
1139,0.0390253,0.0145475,0.372772
1140,0.0390091,0.0145038,0.371805
1141,0.0390227,0.0144877,0.371262
1142,0.0390547,0.014465,0.370378
1143,0.0390341,0.0145019,0.37152
1144,0.039024,0.0145248,0.372202
1145,0.0390353,0.0144904,0.371212
1146,0.0390156,0.0144718,0.370925
1147,0.0390311,0.014483,0.371062
1148,0.0390076,0.0144804,0.371221
1149,0.0390214,0.0144638,0.370664
1150,0.0390158,0.0144702,0.370881
1151,0.0389948,0.0145277,0.372556
1152,0.0390287,0.0144605,0.370511
1153,0.0390313,0.0144868,0.37116
1154,0.0390121,0.0145015,0.371719
1155,0.0390048,0.0144979,0.371695
1156,0.0390006,0.0144595,0.37075
1157,0.0390146,0.0145013,0.371688
1158,0.0389918,0.0144682,0.371056
1159,0.039034,0.014526,0.372137
1160,0.0390164,0.0144621,0.370667
1161,0.0390024,0.0144859,0.371411
1162,0.0390191,0.014437,0.369997
1163,0.0390174,0.0145056,0.371773
1164,0.0390126,0.0144417,0.370181
1165,0.0390142,0.0144864,0.371311
1166,0.0390071,0.0145443,0.372863
1167,0.039021,0.0144568,0.370489
1168,0.0389969,0.0144912,0.3716
1169,0.0390102,0.0144989,0.371669
1170,0.0389953,0.0144756,0.371215
1171,0.0390109,0.0144793,0.37116
1172,0.0390131,0.0145084,0.371885
1173,0.0390092,0.0145044,0.371819
1174,0.0390233,0.0144803,0.371069
1175,0.0390103,0.0144816,0.371225
1176,0.0389753,0.0144598,0.370998
1177,0.0389969,0.0144956,0.371713
1178,0.0389993,0.0145221,0.372369
1179,0.0390215,0.0144775,0.371014
1180,0.039006,0.0144823,0.371284
1181,0.0389965,0.0145306,0.372614
1182,0.0390115,0.014486,0.371325
1183,0.0390139,0.0144752,0.371026
1184,0.0389796,0.0144793,0.371459
1185,0.0390246,0.0144906,0.37132
1186,0.0390152,0.0144669,0.370802
1187,0.0390121,0.0144841,0.371273
1188,0.0389832,0.0144544,0.370785
1189,0.0390159,0.0144607,0.370637
1190,0.0390318,0.0144903,0.371243
1191,0.0390003,0.0144423,0.370313
1192,0.0389902,0.014474,0.371222
1193,0.0389961,0.0144579,0.370751
1195,0.0389863,0.0144206,0.369888
1194,0.0389613,0.0144664,0.371302
1196,0.0389936,0.0144407,0.370335
1197,0.0389717,0.0144421,0.37058
1198,0.0389949,0.0144589,0.370789
1199,0.0390111,0.0144753,0.371055
1200,0.0389861,0.0144374,0.370323
1201,0.0389943,0.0144431,0.37039
1202,0.0389948,0.014435,0.370178
1203,0.0389787,0.0144388,0.370429
1204,0.0389951,0.0144629,0.37089
1205,0.0389775,0.0144482,0.37068
1206,0.0389904,0.0144581,0.370811
1207,0.0389963,0.0144431,0.370372
1208,0.0389997,0.014445,0.370389
1209,0.0389624,0.0143978,0.36953
1210,0.0389803,0.0144401,0.370447
1211,0.0389616,0.0144395,0.370607
1212,0.0389873,0.0144628,0.370963
1213,0.0389719,0.0144592,0.371015
1214,0.0389829,0.0144904,0.371711
1215,0.0389931,0.0144787,0.371314
1216,0.0389608,0.0144698,0.371394
1217,0.0389877,0.0143988,0.369318
1218,0.038976,0.0144739,0.371355
1219,0.0389888,0.0144769,0.37131
1220,0.0389994,0.0144796,0.371277
1221,0.0389908,0.0144195,0.369819
1222,0.0389809,0.0144088,0.369638
1223,0.0389743,0.0144325,0.370307
1224,0.0389654,0.0144345,0.370444
1225,0.0389681,0.0144165,0.369956
1226,0.0390084,0.0144335,0.37001
1227,0.0390036,0.01448,0.371246
1228,0.0389808,0.0144472,0.370625
1229,0.0389644,0.0144046,0.369686
1230,0.0389944,0.0143941,0.369131
1231,0.0389654,0.0143961,0.369458
1232,0.0389548,0.0144124,0.369977
1233,0.038999,0.0144672,0.370965
1234,0.0389878,0.0144698,0.371137
1235,0.0389714,0.0144266,0.370185
1236,0.0389844,0.0144168,0.36981
1237,0.0389637,0.0144131,0.36991
1238,0.0389928,0.0144488,0.370551
1239,0.0389715,0.0144283,0.370227
1240,0.038985,0.0144115,0.369669
1241,0.0389747,0.0144268,0.370157
1242,0.0389767,0.0144321,0.370274
1243,0.0389825,0.0143974,0.36933
1244,0.0389741,0.0143774,0.368896
1245,0.0389474,0.0144135,0.370076
1246,0.038959,0.0144381,0.370598
1247,0.0389549,0.0144333,0.370513
1248,0.038961,0.0144245,0.37023
1249,0.0389738,0.0144185,0.369955
1250,0.0389726,0.0144137,0.369843
1251,0.0389937,0.0144589,0.3708
1252,0.038975,0.0144131,0.369804
1253,0.0389888,0.0144099,0.369591
1254,0.0389599,0.0143683,0.368798
1255,0.0389686,0.0143976,0.369467
1256,0.0389605,0.0143995,0.369591
1257,0.0389796,0.0144081,0.369633
1258,0.0389544,0.0144092,0.369899
1259,0.0389685,0.0144072,0.369715
1260,0.0389589,0.0143808,0.369128
1261,0.0389669,0.0144006,0.36956
1262,0.0389471,0.0143883,0.369432
1263,0.0389864,0.0144105,0.36963
1264,0.0389572,0.0143983,0.369593
1265,0.0389801,0.0144059,0.36957
1266,0.0389771,0.0144402,0.370478
1267,0.0389759,0.0144196,0.369961
1268,0.0389681,0.0144226,0.370112
1269,0.0389654,0.0144023,0.369617
1270,0.0389519,0.0144015,0.369726
1271,0.0389845,0.0144195,0.369877
1272,0.0389624,0.0144159,0.369995
1273,0.0389506,0.0144163,0.370118
1274,0.0389843,0.0143895,0.36911
1275,0.0389453,0.0143923,0.369551
1276,0.0389684,0.0144172,0.369971
1277,0.0389735,0.0143931,0.369304
1278,0.0390083,0.0144211,0.369694
1279,0.0390127,0.0143744,0.368454
1280,0.03898,0.014406,0.369575
1281,0.0389722,0.0144127,0.369821
1282,0.0390007,0.0143917,0.369011
1283,0.0389493,0.0144059,0.369862
1284,0.0389745,0.0143679,0.368648
1285,0.0389666,0.0143652,0.368654
1286,0.0389688,0.0143553,0.368379
1287,0.0389407,0.0144138,0.370148
1288,0.0389689,0.0143944,0.369381
1289,0.0389698,0.0143744,0.368859
1290,0.038979,0.0143866,0.369086
1291,0.0389694,0.0144059,0.369672
1292,0.0389759,0.0144114,0.369752
1293,0.0389879,0.0144245,0.369974
1294,0.0389706,0.0144311,0.370308
1295,0.038972,0.0143857,0.36913
1296,0.0389756,0.0144092,0.369698
1297,0.038964,0.0144098,0.369823
1298,0.0389718,0.0143995,0.369484
1299,0.0389879,0.0144124,0.369663
1300,0.0389678,0.0143822,0.369079
1301,0.0389706,0.0144242,0.370131
1302,0.0389631,0.0143935,0.369414
1303,0.0389739,0.0144017,0.36952
1304,0.0389826,0.01442,0.36991
1305,0.0389838,0.0143805,0.368883
1306,0.0389741,0.0144162,0.369893
1307,0.0389941,0.0144243,0.36991
1308,0.0389657,0.0144023,0.369613
1309,0.038971,0.0144368,0.370449
1310,0.038982,0.0144257,0.37006
1311,0.0389819,0.0144131,0.369738
1312,0.0389638,0.0144088,0.369798
1313,0.0389943,0.0143922,0.369085
1314,0.0389857,0.0144065,0.369533
1315,0.03896,0.0143985,0.36957
1316,0.0389605,0.0144114,0.369899
1317,0.0389705,0.0143792,0.368976
1318,0.0389982,0.0143964,0.369156
1319,0.0389552,0.0144156,0.370055
1320,0.038963,0.0144027,0.369651
1321,0.038962,0.0144361,0.370518
1322,0.0390025,0.0144251,0.369852
1323,0.0389775,0.0143999,0.369441
1324,0.0389921,0.014419,0.369792
1325,0.0389754,0.0144054,0.369602
1326,0.0389866,0.0143927,0.369171
1327,0.038966,0.0144139,0.36991
1328,0.0389827,0.0144183,0.369865
1329,0.0389828,0.0143967,0.369309
1330,0.038969,0.0144135,0.369871
1331,0.0389732,0.014405,0.369613
1332,0.0389791,0.0144445,0.37057
1333,0.0389908,0.0144205,0.369844
1334,0.0389741,0.014441,0.370529
1335,0.0389585,0.014423,0.370215
1336,0.0389795,0.014423,0.370016
1337,0.0389949,0.0144269,0.369969
1338,0.0389876,0.014416,0.369757
1339,0.0389954,0.0144297,0.370036
1340,0.0390026,0.014429,0.369949
1341,0.0389795,0.0144395,0.370439
1342,0.0389641,0.0144106,0.369843
1343,0.0390041,0.0144401,0.370221
1344,0.0389728,0.0144419,0.370563
1345,0.0389823,0.0144462,0.370582
1346,0.0389857,0.0143959,0.369261
1347,0.0389752,0.014444,0.370594
1348,0.038983,0.0144414,0.370454
1349,0.038958,0.014387,0.369295
1350,0.0389659,0.0144521,0.37089
1351,0.0390019,0.0144661,0.370908
1352,0.0390091,0.0144638,0.370779
1353,0.0389605,0.0144725,0.371465
1354,0.0389806,0.0144431,0.370522
1355,0.0389765,0.0144688,0.371218
1356,0.0389917,0.0144768,0.37128
1357,0.0389625,0.0144456,0.370756
1358,0.0389866,0.0144631,0.370978
1359,0.0389951,0.0144437,0.370399
1360,0.0389999,0.0144298,0.369995
1361,0.0389797,0.0144285,0.370153
1362,0.0389669,0.0143936,0.369381
1363,0.0389967,0.0144143,0.369627
1364,0.0389993,0.0144628,0.370847
1365,0.0389874,0.0145022,0.371971
1366,0.0389674,0.0144103,0.369805
1367,0.0389878,0.0144655,0.371026
1368,0.0389965,0.0145035,0.371917
1369,0.0389772,0.0144575,0.370923
1370,0.0389778,0.0144162,0.369858
1371,0.0389879,0.0144753,0.371277
1372,0.0389708,0.0144617,0.37109
1373,0.039032,0.0144986,0.371455
1374,0.0389963,0.014494,0.371678
1375,0.0389881,0.0144768,0.371314
1376,0.0389623,0.0144761,0.371542
1377,0.0389839,0.0144599,0.370919
1378,0.0390054,0.0145122,0.372057
1379,0.0390176,0.0145059,0.371779
1380,0.0389823,0.0144507,0.370698
1381,0.0389864,0.0145053,0.37206
1382,0.0390049,0.0145113,0.372037
1383,0.0389799,0.0144484,0.370664
1384,0.0389908,0.0144491,0.370576
1385,0.0389594,0.0144702,0.371417
1386,0.0389836,0.0144774,0.371372
1387,0.0390043,0.0144753,0.37112
1388,0.0389913,0.0145055,0.37202
1389,0.0389827,0.0144876,0.371643
1390,0.0390145,0.0145123,0.371972
1391,0.0389714,0.0144952,0.371945
1392,0.0389931,0.0145407,0.372904
1393,0.0390203,0.0145176,0.372053
1394,0.0390071,0.0145176,0.372179
1395,0.0390293,0.0144639,0.370591
1396,0.0389894,0.0144831,0.371463
1397,0.0389914,0.0145191,0.372366
1398,0.0389804,0.0145001,0.371983
1399,0.0390085,0.014528,0.372432
1400,0.039018,0.0145311,0.372419
1401,0.038993,0.0144943,0.371717
1402,0.0390023,0.0145137,0.372124
1403,0.039012,0.014518,0.372141
1404,0.039014,0.0145252,0.372308
1405,0.0389763,0.0144728,0.371324
1406,0.0389995,0.0145112,0.372088
1407,0.0389982,0.0145412,0.372869
1408,0.0390063,0.0145096,0.371982
1409,0.0390007,0.0145207,0.372318
1410,0.0389893,0.0145508,0.3732
1411,0.0390029,0.0145035,0.371856
1412,0.0389882,0.0145265,0.372587
1413,0.0389886,0.0145596,0.373433
1414,0.0389818,0.0145256,0.372627
1415,0.0390088,0.0145392,0.372717
1416,0.0390036,0.0145309,0.372553
1417,0.0389691,0.0145193,0.372584
1418,0.0390156,0.0145307,0.372433
1419,0.0389853,0.0145162,0.372351
1420,0.0390057,0.0145863,0.373953
1421,0.0390021,0.0145499,0.373055
1422,0.0389909,0.0145524,0.373226
1423,0.0390043,0.0145594,0.373277
1424,0.0390119,0.0145486,0.372927
1425,0.0390034,0.0145321,0.372586
1426,0.0389715,0.0144756,0.37144
1427,0.0390073,0.0145962,0.374191
1428,0.0389875,0.0145311,0.372711
1429,0.0389911,0.0145445,0.373021
1430,0.0389854,0.0145397,0.372952
1431,0.0390077,0.0145446,0.372866
1432,0.0389939,0.0145987,0.374385
1433,0.0390124,0.0145872,0.373912
1434,0.0390121,0.0145726,0.373541
1435,0.0390195,0.0145789,0.373631
1436,0.0389789,0.0145365,0.372933
1437,0.0390273,0.0145748,0.373452
1438,0.0390381,0.014583,0.373558
1439,0.0390102,0.0145565,0.373146
1440,0.0390124,0.0145832,0.373809
1441,0.0390182,0.0145667,0.37333
1442,0.0389924,0.0145796,0.373909
1443,0.0390198,0.014567,0.373322
1444,0.038994,0.0145715,0.373686
1445,0.039006,0.0145785,0.373751
1446,0.0390085,0.0145656,0.373395
1447,0.0390195,0.0145754,0.373542
1448,0.0389917,0.0145707,0.373689
1449,0.0390232,0.0145699,0.373365
1450,0.0390102,0.0145712,0.373522
1451,0.0389922,0.0145784,0.373881
1452,0.039017,0.0146,0.374195
1453,0.0389946,0.0145687,0.373607
1454,0.0390032,0.0145925,0.374137
1455,0.0389919,0.0145478,0.373098
1456,0.0390007,0.0145401,0.372816
1457,0.0389836,0.0145633,0.373575
1458,0.0389919,0.0145433,0.372983
1459,0.0389983,0.0145507,0.37311
1460,0.03899,0.0145527,0.373243
1461,0.0390047,0.0145355,0.372659
1462,0.0389999,0.0145728,0.373663
1463,0.0389934,0.0145909,0.374188
1464,0.0390199,0.0145737,0.373495
1465,0.0390047,0.0145872,0.373985
1466,0.0389857,0.0145517,0.373257
1467,0.0390001,0.0146029,0.374433
1468,0.0389852,0.0145743,0.373842
1469,0.0390185,0.0145923,0.373983
1470,0.0389877,0.014544,0.37304
1471,0.0390116,0.0145723,0.373539
1472,0.0389865,0.0145513,0.37324
1473,0.0389864,0.0146006,0.374504
1474,0.0390073,0.0146054,0.374428
1475,0.0390013,0.0146055,0.374488
1476,0.0390137,0.0145983,0.374182
1477,0.0390128,0.0145564,0.37312
1478,0.0390004,0.0146038,0.374453
1479,0.0389721,0.0145697,0.373849
1480,0.0390212,0.0145653,0.373267
1481,0.0389864,0.0146077,0.374688
1482,0.0389911,0.0145927,0.374258
1483,0.0389956,0.0145884,0.374105
1484,0.0389982,0.0145719,0.373657
1485,0.0389847,0.0146051,0.374638
1486,0.0390066,0.0145793,0.373764
1487,0.0390011,0.0145736,0.373671
1488,0.039003,0.0145779,0.373765
1489,0.0390172,0.0146282,0.374918
1490,0.0389924,0.0145965,0.374342
1491,0.0389857,0.0146175,0.374945
1492,0.0390033,0.0146043,0.374437
1493,0.0390055,0.0145949,0.374177
1494,0.0389962,0.0145617,0.373414
1495,0.0389884,0.0145659,0.373595
1496,0.0390096,0.0145845,0.373868
1497,0.0390034,0.0145661,0.373456
1498,0.0389818,0.0146027,0.374603
1499,0.0389933,0.0146175,0.374871
1500,0.0389864,0.0146332,0.375342
1501,0.0389802,0.0145875,0.374228
1502,0.0389851,0.0145805,0.374002
1503,0.0389973,0.0146021,0.374439
1504,0.0389928,0.0145864,0.374078
1505,0.0389742,0.014594,0.374453
1506,0.0389695,0.0145148,0.372466
1507,0.038989,0.0146155,0.374862
1508,0.0389985,0.0146051,0.374505
1509,0.0389663,0.0145572,0.373585
1510,0.0389955,0.0146043,0.374513
1511,0.0389819,0.0145795,0.374007
1512,0.0389555,0.0145891,0.374507
1513,0.0389907,0.014537,0.372833
1514,0.0389701,0.014581,0.374158
1515,0.0390254,0.014566,0.373243
1516,0.0389802,0.014589,0.374266
1517,0.0389808,0.0145639,0.373618
1518,0.0389872,0.014571,0.373737
1519,0.0390061,0.0146001,0.374303
1520,0.0390012,0.0145752,0.373711
1521,0.0389795,0.0145585,0.373492
1522,0.0389794,0.0145923,0.37436
1523,0.0390102,0.0145841,0.373854
1525,0.0390052,0.0145855,0.373936
1524,0.0389925,0.014595,0.374303
1526,0.0389551,0.0145299,0.372992
1527,0.0389895,0.0145879,0.37415
1528,0.0390105,0.0146018,0.374304
1529,0.0389741,0.0145761,0.373994
1530,0.0389855,0.0145867,0.374156
1531,0.0389603,0.0145599,0.37371
1532,0.0389827,0.0145621,0.373553
1533,0.0389862,0.0145393,0.372935
1534,0.0389912,0.0145895,0.374175
1535,0.0389632,0.0145411,0.373202
1536,0.0389815,0.014583,0.3741
1537,0.0389715,0.0146016,0.374672
1538,0.0389692,0.0145691,0.373863
1539,0.0389835,0.0145629,0.373567
1540,0.0389985,0.0145578,0.373291
1541,0.038982,0.014583,0.374097
1542,0.0389744,0.0145612,0.37361
1543,0.0389654,0.0146136,0.37504
1544,0.038953,0.0145734,0.374128
1545,0.0389994,0.0145704,0.373605
1546,0.0389723,0.0145889,0.37434
1547,0.0390064,0.0145285,0.372466
1548,0.0389789,0.0145739,0.373892
1549,0.0389811,0.0146002,0.374547
1550,0.0389716,0.0145915,0.374412
1551,0.0389832,0.0145426,0.373048
1552,0.0389516,0.0145636,0.373889
1553,0.038973,0.014584,0.374208
1554,0.0389681,0.0145609,0.373662
1555,0.038994,0.0145669,0.373566
1556,0.0389776,0.0145852,0.374194
1557,0.0389666,0.0145501,0.3734
1558,0.0389818,0.0145753,0.3739
1559,0.0389762,0.0145867,0.374248
1560,0.0389713,0.0145487,0.373318
1561,0.0389648,0.0145969,0.374618
1562,0.0389869,0.0145538,0.373299
1563,0.0389514,0.014502,0.372311
1564,0.0389531,0.0145537,0.373622
1565,0.038983,0.0145593,0.373479
1566,0.038995,0.0146177,0.374861
1567,0.0389653,0.014545,0.373282
1568,0.0389742,0.0145091,0.372274
1569,0.0389875,0.0145882,0.374178
1570,0.0389803,0.0145701,0.373782
1571,0.0389761,0.0145398,0.373044
1572,0.0389365,0.014558,0.373891
1573,0.0389643,0.0145185,0.372611
1574,0.0389833,0.0145351,0.372855
1575,0.0389507,0.0145571,0.373732
1576,0.0389967,0.0145762,0.373781
1577,0.0389585,0.0145152,0.372582
1578,0.0389641,0.0145281,0.372858
1579,0.0389409,0.0145004,0.372368
1580,0.0389714,0.0145164,0.372488
1581,0.0389846,0.0145506,0.373239
1582,0.0389706,0.014543,0.373177
1583,0.0389886,0.0145714,0.373736
1584,0.0389849,0.014542,0.373017
1585,0.0389732,0.0145354,0.372959
1586,0.0389812,0.0145623,0.373573
1587,0.0389623,0.0145444,0.373294
1588,0.0389693,0.0145019,0.372136
1589,0.0389978,0.0145558,0.373248
1590,0.0389765,0.0145135,0.372366
1591,0.0389792,0.0145493,0.373257
1592,0.0389508,0.0145501,0.373552
1593,0.0389967,0.0145716,0.373661
1594,0.0389589,0.0145407,0.373232
1595,0.0389724,0.0145134,0.372402
1596,0.0389774,0.0145296,0.37277
1597,0.0389797,0.0145281,0.372709
1598,0.038973,0.014562,0.373644
1599,0.0389562,0.0145176,0.372666
1600,0.0389658,0.0144949,0.37199
1601,0.0389495,0.0144957,0.372166
1602,0.0389841,0.0144955,0.371832
1603,0.0389441,0.0145381,0.373306
1604,0.038991,0.0145093,0.37212
1605,0.0389762,0.0145084,0.372238
1606,0.038962,0.0145033,0.372243
